,lsd_consp_decade,crack_consp_decade,amly_consp_decade
count,1885.0,1885.0,1885.0
mean,0.29549071618037137,0.1013262599469496,0.1962864721485411
std,0.4563841031651222,0.30184032521653237,0.3972931269455514
min,0.0,0.0,0.0
25%,0.0,0.0,0.0
50%,0.0,0.0,0.0
75%,1.0,0.0,0.0
max,1.0,1.0,1.0
